{
    "ep3": {
        "udp://0.0.0.0:19850": [
            [
                "stay"
            ],
            [
                "stay"
            ],
            [
                "forward"
            ]
        ],
        "udp://0.0.0.0:19851": [
            [
                "stay"
            ],
            [
                "forward"
            ],
            [
                "forward"
            ]
        ],
        "udp://0.0.0.0:19852": [
            [
                "stay"
            ],
            [
                "left"
            ],
            [
                "forward"
            ]
        ],
        "udp://0.0.0.0:19853": [
            [
                "stay"
            ],
            [
                "left"
            ],
            [
                "left"
            ]
        ],
        "rewards": [
            1.3981477431653184,
            4.24876453309496,
            4.411609467218064
        ]
    },
    "ep4": {
        "udp://0.0.0.0:19850": [
            [
                "stay"
            ],
            [
                "stay"
            ],
            [
                "forward"
            ]
        ],
        "udp://0.0.0.0:19851": [
            [
                "stay"
            ],
            [
                "forward"
            ],
            [
                "forward"
            ]
        ],
        "udp://0.0.0.0:19852": [
            [
                "stay"
            ],
            [
                "left"
            ],
            [
                "forward"
            ]
        ],
        "udp://0.0.0.0:19853": [
            [
                "stay"
            ],
            [
                "left"
            ],
            [
                "left"
            ]
        ],
        "rewards": [
            1.4010838917224557,
            4.17151870892201,
            4.379414423491607
        ]
    }
}