{
    "ep_0": {
        "udp://0.0.0.0:19850": [
            [
                "stay"
            ],
            [
                "stay"
            ],
            [
                "forward"
            ]
        ],
        "udp://0.0.0.0:19851": [
            [
                "stay"
            ],
            [
                "forward"
            ],
            [
                "forward"
            ]
        ],
        "udp://0.0.0.0:19852": [
            [
                "stay"
            ],
            [
                "left"
            ],
            [
                "forward"
            ]
        ],
        "udp://0.0.0.0:19853": [
            [
                "stay"
            ],
            [
                "left"
            ],
            [
                "left"
            ]
        ],
        "rewards": [
            1.3926241233255237,
            4.260421784749625,
            4.473527013507128
        ]
    },
    "ep_1": {
        "udp://0.0.0.0:19850": [
            [
                "stay"
            ],
            [
                "stay"
            ],
            [
                "forward"
            ]
        ],
        "udp://0.0.0.0:19851": [
            [
                "stay"
            ],
            [
                "forward"
            ],
            [
                "forward"
            ]
        ],
        "udp://0.0.0.0:19852": [
            [
                "stay"
            ],
            [
                "left"
            ],
            [
                "forward"
            ]
        ],
        "udp://0.0.0.0:19853": [
            [
                "stay"
            ],
            [
                "left"
            ],
            [
                "left"
            ]
        ],
        "rewards": [
            1.3872650718591721,
            4.25014481361943,
            4.4094053659124555
        ]
    },
    "ep_2": {
        "udp://0.0.0.0:19850": [
            [
                "stay"
            ],
            [
                "stay"
            ],
            [
                "forward"
            ]
        ],
        "udp://0.0.0.0:19851": [
            [
                "stay"
            ],
            [
                "forward"
            ],
            [
                "forward"
            ]
        ],
        "udp://0.0.0.0:19852": [
            [
                "stay"
            ],
            [
                "left"
            ],
            [
                "forward"
            ]
        ],
        "udp://0.0.0.0:19853": [
            [
                "stay"
            ],
            [
                "left"
            ],
            [
                "left"
            ]
        ],
        "rewards": [
            1.3988403443150528,
            4.253995597832984,
            4.4446208118455015
        ]
    },
    "ep_3": {
        "udp://0.0.0.0:19850": [
            [
                "stay"
            ],
            [
                "stay"
            ],
            [
                "forward"
            ]
        ],
        "udp://0.0.0.0:19851": [
            [
                "stay"
            ],
            [
                "forward"
            ],
            [
                "forward"
            ]
        ],
        "udp://0.0.0.0:19852": [
            [
                "stay"
            ],
            [
                "left"
            ],
            [
                "forward"
            ]
        ],
        "udp://0.0.0.0:19853": [
            [
                "stay"
            ],
            [
                "left"
            ],
            [
                "left"
            ]
        ],
        "rewards": [
            1.3161591358978368,
            4.255568171597279,
            4.438686942606976
        ]
    }
}